{
  "author" : "Sergio Pitol",
  "source" : "Novela",
  "description" : "Edición a cargo de Lectulalia",
  "uploaded_at" : "2024-11-27T03:10:50+00:00",
  "license" : "CC BY-NC 4.0",
  "id" : "5nl3dabsdlajkg",
  "language" : "Esp",
  "public_access_level" : "WRITE",
  "owner" : "LucianaSilvestri",
  "public_visibility" : "WITH_LINK",
  "title" : "Domar a la divina garza.txt",
  "date_freeform" : "2016",
  "parts" : [ {
    "id" : "d2f49fc9-b50e-4e4a-93f1-f93ff821fa28",
    "title" : "Domar a la divina garza - Sergio Pitol.txt",
    "content_type" : "TEXT_PLAIN",
    "file" : "d2f49fc9-b50e-4e4a-93f1-f93ff821fa28.txt"
  } ]
}